{
    "root_group": {
        "checks": {
            "spin status is 200": {
                "fails": 5181,
                "name": "spin status is 200",
                "path": "::spin status is 200",
                "id": "389cfec6623bcd63988023620b365ca4",
                "passes": 0
            }
        },
        "name": "",
        "path": "",
        "id": "d41d8cd98f00b204e9800998ecf8427e",
        "groups": {}
    },
    "metrics": {
        "spin_success": {
            "passes": 0,
            "fails": 5181,
            "thresholds": {
                "rate>0.8": true
            },
            "value": 0
        },
        "users_joined": {
            "count": 5181,
            "rate": 18.39500326524622
        },
        "iteration_duration": {
            "min": 291.783028,
            "med": 5672.469343,
            "max": 12026.31,
            "p(90)": 10592.921954,
            "p(95)": 11251.64844,
            "avg": 6132.2505098021575
        },
        "vus": {
            "value": 1,
            "min": 1,
            "max": 169
        },
        "http_reqs": {
            "count": 5181,
            "rate": 18.39500326524622
        },
        "data_sent": {
            "rate": 3302.6859655210746,
            "count": 930210
        },
        "http_req_failed": {
            "passes": 5181,
            "fails": 0,
            "thresholds": {
                "rate<0.1": true
            },
            "value": 1
        },
        "http_req_sending": {
            "max": 10.56,
            "p(90)": 0.136,
            "p(95)": 0.196,
            "avg": 0.09112873962555476,
            "min": 0,
            "med": 0.047
        },
        "match_found": {
            "passes": 0,
            "fails": 0,
            "thresholds": {
                "rate>0.3": false
            },
            "value": 0
        },
        "vus_max": {
            "min": 170,
            "max": 170,
            "value": 170
        },
        "data_received": {
            "count": 1699048,
            "rate": 6032.424919476947
        },
        "http_req_blocked": {
            "max": 5904.795,
            "p(90)": 1.134,
            "p(95)": 120.884,
            "avg": 76.90649913144055,
            "min": 0,
            "med": 0.013
        },
        "http_req_connecting": {
            "avg": 76.85742887473461,
            "min": 0,
            "med": 0,
            "max": 5904.707,
            "p(90)": 0.851,
            "p(95)": 120.787
        },
        "checks": {
            "fails": 5181,
            "passes": 0,
            "value": 0
        },
        "http_req_duration": {
            "avg": 4192.274622659738,
            "min": 0,
            "med": 4021.645,
            "max": 10130.475,
            "p(90)": 9876.855,
            "p(95)": 10000.139,
            "thresholds": {
                "p(95)<3000": true
            }
        },
        "http_req_tls_handshaking": {
            "avg": 0,
            "min": 0,
            "med": 0,
            "max": 0,
            "p(90)": 0,
            "p(95)": 0
        },
        "http_req_waiting": {
            "p(90)": 9876.767,
            "p(95)": 10000.002,
            "avg": 4191.233062536186,
            "min": 0,
            "med": 4019.119,
            "max": 10130.278
        },
        "http_req_receiving": {
            "avg": 0.9504313839027203,
            "min": 0,
            "med": 0.46,
            "max": 134.076,
            "p(90)": 1.466,
            "p(95)": 2.525
        },
        "iterations": {
            "count": 5181,
            "rate": 18.39500326524622
        }
    }
}